{
  "E0": {
    "mean_acc_at_1": 28.609479044261658,
    "std_acc_at_1": 0.013568748982129593,
    "params": 398401,
    "seeds": [
      28.601645123384255,
      28.625146886016452,
      28.601645123384255
    ]
  },
  "E1": {
    "mean_acc_at_1": 30.497453975714844,
    "std_acc_at_1": 0.048922820198967494,
    "params": 622918,
    "seeds": [
      30.552291421856637,
      30.45828437132785,
      30.48178613396005
    ]
  },
  "E3": {
    "mean_acc_at_1": 30.45045045045045,
    "std_acc_at_1": 0.11828961120674984,
    "params": 622918,
    "seeds": [
      30.575793184488838,
      30.434782608695656,
      30.34077555816686
    ]
  },
  "E1_minus_E0": 1.8879749314531864,
  "E1_minus_E3": 0.047003525264393886
}
